,Lat,Lon,City,Operator,Date
0,38.8642,-77.0411,"Arlington, VA",Lime,2021-05-17
1,38.8673,-77.0452,"Arlington, VA",Lime,2021-05-17
2,38.8538,-77.0458,"Arlington, VA",Lime,2021-05-17
3,38.8538,-77.0459,"Arlington, VA",Lime,2021-05-17
4,38.8481,-77.0468,"Arlington, VA",Lime,2021-05-17
5,38.8697,-77.0473,"Arlington, VA",Lime,2021-05-17
6,38.8523,-77.0526,"Arlington, VA",Lime,2021-05-17
7,38.845,-77.0487,"Arlington, VA",Lime,2021-05-17
8,38.854,-77.049,"Arlington, VA",Lime,2021-05-17
9,38.8599,-77.0492,"Arlington, VA",Lime,2021-05-17
10,38.8602,-77.0493,"Arlington, VA",Lime,2021-05-17
11,38.8559,-77.0493,"Arlington, VA",Lime,2021-05-17
12,38.8595,-77.0495,"Arlington, VA",Lime,2021-05-17
13,38.8529,-77.0497,"Arlington, VA",Lime,2021-05-17
14,38.8558,-77.0497,"Arlington, VA",Lime,2021-05-17
15,38.851,-77.0498,"Arlington, VA",Lime,2021-05-17
16,38.86,-77.0498,"Arlington, VA",Lime,2021-05-17
17,38.8532,-77.0498,"Arlington, VA",Lime,2021-05-17
18,38.8661,-77.0499,"Arlington, VA",Lime,2021-05-17
19,38.8513,-77.0502,"Arlington, VA",Lime,2021-05-17
20,38.843,-77.0503,"Arlington, VA",Lime,2021-05-17
21,38.8435,-77.0504,"Arlington, VA",Lime,2021-05-17
22,38.8449,-77.0504,"Arlington, VA",Lime,2021-05-17
23,38.8436,-77.0504,"Arlington, VA",Lime,2021-05-17
24,38.8541,-77.0505,"Arlington, VA",Lime,2021-05-17
25,38.8542,-77.0505,"Arlington, VA",Lime,2021-05-17
26,38.8438,-77.0505,"Arlington, VA",Lime,2021-05-17
27,38.8582,-77.0505,"Arlington, VA",Lime,2021-05-17
28,38.8437,-77.0506,"Arlington, VA",Lime,2021-05-17
29,38.8582,-77.0506,"Arlington, VA",Lime,2021-05-17
30,38.848,-77.0506,"Arlington, VA",Lime,2021-05-17
31,38.8605,-77.0509,"Arlington, VA",Lime,2021-05-17
32,38.848,-77.0509,"Arlington, VA",Lime,2021-05-17
33,38.8566,-77.0509,"Arlington, VA",Lime,2021-05-17
34,38.8483,-77.0511,"Arlington, VA",Lime,2021-05-17
35,38.8571,-77.0512,"Arlington, VA",Lime,2021-05-17
36,38.8568,-77.0512,"Arlington, VA",Lime,2021-05-17
37,38.8423,-77.0513,"Arlington, VA",Lime,2021-05-17
38,38.8623,-77.0514,"Arlington, VA",Lime,2021-05-17
39,38.8518,-77.0517,"Arlington, VA",Lime,2021-05-17
40,38.8518,-77.0517,"Arlington, VA",Lime,2021-05-17
41,38.8539,-77.0517,"Arlington, VA",Lime,2021-05-17
42,38.8643,-77.052,"Arlington, VA",Lime,2021-05-17
43,38.864,-77.0521,"Arlington, VA",Lime,2021-05-17
44,38.8488,-77.0522,"Arlington, VA",Lime,2021-05-17
45,38.8562,-77.0523,"Arlington, VA",Lime,2021-05-17
46,38.8486,-77.0524,"Arlington, VA",Lime,2021-05-17
47,38.8562,-77.0524,"Arlington, VA",Lime,2021-05-17
48,38.8637,-77.0525,"Arlington, VA",Lime,2021-05-17
49,38.8469,-77.053,"Arlington, VA",Lime,2021-05-17
50,38.8635,-77.0531,"Arlington, VA",Lime,2021-05-17
51,38.8612,-77.0531,"Arlington, VA",Lime,2021-05-17
52,38.8613,-77.0532,"Arlington, VA",Lime,2021-05-17
53,38.8587,-77.0533,"Arlington, VA",Lime,2021-05-17
54,38.859,-77.0533,"Arlington, VA",Lime,2021-05-17
55,38.8532,-77.0533,"Arlington, VA",Lime,2021-05-17
56,38.8611,-77.0534,"Arlington, VA",Lime,2021-05-17
57,38.8576,-77.0534,"Arlington, VA",Lime,2021-05-17
58,38.8589,-77.0534,"Arlington, VA",Lime,2021-05-17
59,38.8625,-77.0536,"Arlington, VA",Lime,2021-05-17
60,38.8568,-77.0537,"Arlington, VA",Lime,2021-05-17
61,38.8563,-77.0538,"Arlington, VA",Lime,2021-05-17
62,38.8599,-77.0539,"Arlington, VA",Lime,2021-05-17
63,38.8535,-77.0539,"Arlington, VA",Lime,2021-05-17
64,38.8602,-77.054,"Arlington, VA",Lime,2021-05-17
65,38.8542,-77.0541,"Arlington, VA",Lime,2021-05-17
66,38.8559,-77.0543,"Arlington, VA",Lime,2021-05-17
67,38.8558,-77.0544,"Arlington, VA",Lime,2021-05-17
68,38.8567,-77.0545,"Arlington, VA",Lime,2021-05-17
69,38.8535,-77.0546,"Arlington, VA",Lime,2021-05-17
70,38.8597,-77.0549,"Arlington, VA",Lime,2021-05-17
71,38.8631,-77.0549,"Arlington, VA",Lime,2021-05-17
72,38.8575,-77.055,"Arlington, VA",Lime,2021-05-17
73,38.8528,-77.0552,"Arlington, VA",Lime,2021-05-17
74,38.8596,-77.0552,"Arlington, VA",Lime,2021-05-17
75,38.8537,-77.0553,"Arlington, VA",Lime,2021-05-17
76,38.8537,-77.0553,"Arlington, VA",Lime,2021-05-17
77,38.8538,-77.0554,"Arlington, VA",Lime,2021-05-17
78,38.861,-77.0554,"Arlington, VA",Lime,2021-05-17
79,38.8619,-77.0556,"Arlington, VA",Lime,2021-05-17
80,38.8621,-77.0557,"Arlington, VA",Lime,2021-05-17
81,38.8595,-77.0557,"Arlington, VA",Lime,2021-05-17
82,38.8627,-77.0558,"Arlington, VA",Lime,2021-05-17
83,38.8587,-77.0562,"Arlington, VA",Lime,2021-05-17
84,38.8478,-77.0563,"Arlington, VA",Lime,2021-05-17
85,38.8477,-77.0563,"Arlington, VA",Lime,2021-05-17
86,38.8604,-77.0564,"Arlington, VA",Lime,2021-05-17
87,38.8618,-77.0565,"Arlington, VA",Lime,2021-05-17
88,38.8644,-77.0572,"Arlington, VA",Lime,2021-05-17
89,38.8605,-77.0573,"Arlington, VA",Lime,2021-05-17
90,38.8629,-77.0576,"Arlington, VA",Lime,2021-05-17
91,38.8601,-77.064,"Arlington, VA",Lime,2021-05-17
92,38.8605,-77.0582,"Arlington, VA",Lime,2021-05-17
93,38.8603,-77.0584,"Arlington, VA",Lime,2021-05-17
94,38.8535,-77.0588,"Arlington, VA",Lime,2021-05-17
95,38.8637,-77.0589,"Arlington, VA",Lime,2021-05-17
96,38.863,-77.059,"Arlington, VA",Lime,2021-05-17
97,38.8631,-77.0594,"Arlington, VA",Lime,2021-05-17
98,38.8632,-77.0595,"Arlington, VA",Lime,2021-05-17
99,38.8594,-77.0596,"Arlington, VA",Lime,2021-05-17
100,38.8639,-77.0598,"Arlington, VA",Lime,2021-05-17
101,38.8636,-77.0598,"Arlington, VA",Lime,2021-05-17
102,38.8706,-77.0599,"Arlington, VA",Lime,2021-05-17
103,38.8622,-77.0599,"Arlington, VA",Lime,2021-05-17
104,38.8583,-77.0605,"Arlington, VA",Lime,2021-05-17
105,38.8646,-77.061,"Arlington, VA",Lime,2021-05-17
106,38.8448,-77.0618,"Arlington, VA",Lime,2021-05-17
107,38.862,-77.0633,"Arlington, VA",Lime,2021-05-17
108,38.8599,-77.0643,"Arlington, VA",Lime,2021-05-17
109,38.8618,-77.0632,"Arlington, VA",Lime,2021-05-17
110,38.8645,-77.0636,"Arlington, VA",Lime,2021-05-17
111,38.8643,-77.0643,"Arlington, VA",Lime,2021-05-17
112,38.8698,-77.0667,"Arlington, VA",Lime,2021-05-17
113,38.8903,-77.0668,"Arlington, VA",Lime,2021-05-17
114,38.8931,-77.0683,"Arlington, VA",Lime,2021-05-17
115,38.8449,-77.0685,"Arlington, VA",Lime,2021-05-17
116,38.8943,-77.0702,"Arlington, VA",Lime,2021-05-17
117,38.8939,-77.0704,"Arlington, VA",Lime,2021-05-17
118,38.8938,-77.0707,"Arlington, VA",Lime,2021-05-17
119,38.8941,-77.0709,"Arlington, VA",Lime,2021-05-17
120,38.8939,-77.071,"Arlington, VA",Lime,2021-05-17
121,38.8457,-77.0713,"Arlington, VA",Lime,2021-05-17
122,38.889,-77.0715,"Arlington, VA",Lime,2021-05-17
123,38.894,-77.0715,"Arlington, VA",Lime,2021-05-17
124,38.8937,-77.0721,"Arlington, VA",Lime,2021-05-17
125,38.897,-77.0722,"Arlington, VA",Lime,2021-05-17
126,38.8957,-77.0724,"Arlington, VA",Lime,2021-05-17
127,38.8673,-77.0725,"Arlington, VA",Lime,2021-05-17
128,38.8957,-77.0725,"Arlington, VA",Lime,2021-05-17
129,38.8939,-77.0694,"Arlington, VA",Lime,2021-05-17
130,38.8941,-77.0705,"Arlington, VA",Lime,2021-05-17
131,38.8943,-77.0708,"Arlington, VA",Lime,2021-05-17
132,38.8943,-77.0714,"Arlington, VA",Lime,2021-05-17
133,38.8937,-77.0722,"Arlington, VA",Lime,2021-05-17
134,38.8946,-77.0764,"Arlington, VA",Lime,2021-05-17
135,38.892,-77.0765,"Arlington, VA",Lime,2021-05-17
136,38.8962,-77.0765,"Arlington, VA",Lime,2021-05-17
137,38.8962,-77.0765,"Arlington, VA",Lime,2021-05-17
138,38.891,-77.077,"Arlington, VA",Lime,2021-05-17
139,38.892,-77.077,"Arlington, VA",Lime,2021-05-17
140,38.8996,-77.0773,"Arlington, VA",Lime,2021-05-17
141,38.8941,-77.0774,"Arlington, VA",Lime,2021-05-17
142,38.8894,-77.0775,"Arlington, VA",Lime,2021-05-17
143,38.8895,-77.0775,"Arlington, VA",Lime,2021-05-17
144,38.8991,-77.078,"Arlington, VA",Lime,2021-05-17
145,38.8635,-77.0781,"Arlington, VA",Lime,2021-05-17
146,38.8899,-77.0781,"Arlington, VA",Lime,2021-05-17
147,38.8912,-77.0784,"Arlington, VA",Lime,2021-05-17
148,38.897,-77.0787,"Arlington, VA",Lime,2021-05-17
149,38.8957,-77.079,"Arlington, VA",Lime,2021-05-17
150,38.8888,-77.0794,"Arlington, VA",Lime,2021-05-17
151,38.8888,-77.0794,"Arlington, VA",Lime,2021-05-17
152,38.8888,-77.0794,"Arlington, VA",Lime,2021-05-17
153,38.8932,-77.0804,"Arlington, VA",Lime,2021-05-17
154,38.8897,-77.0804,"Arlington, VA",Lime,2021-05-17
155,38.8983,-77.0804,"Arlington, VA",Lime,2021-05-17
156,38.8883,-77.0811,"Arlington, VA",Lime,2021-05-17
157,38.8912,-77.0819,"Arlington, VA",Lime,2021-05-17
158,38.8896,-77.0824,"Arlington, VA",Lime,2021-05-17
159,38.8896,-77.0826,"Arlington, VA",Lime,2021-05-17
160,38.8898,-77.0826,"Arlington, VA",Lime,2021-05-17
161,38.892,-77.0826,"Arlington, VA",Lime,2021-05-17
162,38.8989,-77.0831,"Arlington, VA",Lime,2021-05-17
163,38.8997,-77.0833,"Arlington, VA",Lime,2021-05-17
164,38.8496,-77.0845,"Arlington, VA",Lime,2021-05-17
165,38.8871,-77.0845,"Arlington, VA",Lime,2021-05-17
166,38.8915,-77.0848,"Arlington, VA",Lime,2021-05-17
167,38.8914,-77.0848,"Arlington, VA",Lime,2021-05-17
168,38.8856,-77.085,"Arlington, VA",Lime,2021-05-17
169,38.8844,-77.0851,"Arlington, VA",Lime,2021-05-17
170,38.8491,-77.0853,"Arlington, VA",Lime,2021-05-17
171,38.8797,-77.0856,"Arlington, VA",Lime,2021-05-17
172,38.8905,-77.0856,"Arlington, VA",Lime,2021-05-17
173,38.8799,-77.0856,"Arlington, VA",Lime,2021-05-17
174,38.8467,-77.073,"Arlington, VA",Lime,2021-05-17
175,38.8972,-77.0734,"Arlington, VA",Lime,2021-05-17
176,38.8444,-77.0735,"Arlington, VA",Lime,2021-05-17
177,38.896,-77.0738,"Arlington, VA",Lime,2021-05-17
178,38.8959,-77.0738,"Arlington, VA",Lime,2021-05-17
179,38.8938,-77.074,"Arlington, VA",Lime,2021-05-17
180,38.8941,-77.0741,"Arlington, VA",Lime,2021-05-17
181,38.8488,-77.0742,"Arlington, VA",Lime,2021-05-17
182,38.8918,-77.0763,"Arlington, VA",Lime,2021-05-17
183,38.8988,-77.0774,"Arlington, VA",Lime,2021-05-17
184,38.8885,-77.0786,"Arlington, VA",Lime,2021-05-17
185,38.8877,-77.0788,"Arlington, VA",Lime,2021-05-17
186,38.8967,-77.0788,"Arlington, VA",Lime,2021-05-17
187,38.8902,-77.0823,"Arlington, VA",Lime,2021-05-17
188,38.8894,-77.0827,"Arlington, VA",Lime,2021-05-17
189,38.8975,-77.093,"Arlington, VA",Lime,2021-05-17
190,38.8861,-77.0969,"Arlington, VA",Lime,2021-05-17
191,38.8886,-77.0971,"Arlington, VA",Lime,2021-05-17
192,38.8869,-77.0975,"Arlington, VA",Lime,2021-05-17
193,38.8839,-77.0991,"Arlington, VA",Lime,2021-05-17
194,38.884,-77.0991,"Arlington, VA",Lime,2021-05-17
195,38.8966,-77.1009,"Arlington, VA",Lime,2021-05-17
196,38.8503,-77.101,"Arlington, VA",Lime,2021-05-17
197,38.8847,-77.1011,"Arlington, VA",Lime,2021-05-17
198,38.8876,-77.1011,"Arlington, VA",Lime,2021-05-17
199,38.8971,-77.1032,"Arlington, VA",Lime,2021-05-17
200,38.8863,-77.1036,"Arlington, VA",Lime,2021-05-17
201,38.8814,-77.1038,"Arlington, VA",Lime,2021-05-17
202,38.8993,-77.1063,"Arlington, VA",Lime,2021-05-17
203,38.8862,-77.1064,"Arlington, VA",Lime,2021-05-17
204,38.8796,-77.1074,"Arlington, VA",Lime,2021-05-17
205,38.8764,-77.1077,"Arlington, VA",Lime,2021-05-17
206,38.8763,-77.1084,"Arlington, VA",Lime,2021-05-17
207,38.8798,-77.109,"Arlington, VA",Lime,2021-05-17
208,38.8693,-77.1096,"Arlington, VA",Lime,2021-05-17
209,38.8837,-77.1096,"Arlington, VA",Lime,2021-05-17
210,38.8718,-77.1098,"Arlington, VA",Lime,2021-05-17
211,38.8814,-77.1098,"Arlington, VA",Lime,2021-05-17
212,38.8969,-77.1099,"Arlington, VA",Lime,2021-05-17
213,38.8715,-77.1102,"Arlington, VA",Lime,2021-05-17
214,38.8757,-77.1114,"Arlington, VA",Lime,2021-05-17
215,38.8787,-77.1124,"Arlington, VA",Lime,2021-05-17
216,38.8867,-77.1133,"Arlington, VA",Lime,2021-05-17
217,38.8846,-77.1137,"Arlington, VA",Lime,2021-05-17
218,38.856,-77.1162,"Arlington, VA",Lime,2021-05-17
219,38.882,-77.1175,"Arlington, VA",Lime,2021-05-17
220,38.8516,-77.1178,"Arlington, VA",Lime,2021-05-17
221,38.8579,-77.1201,"Arlington, VA",Lime,2021-05-17
222,38.8578,-77.1202,"Arlington, VA",Lime,2021-05-17
223,38.8983,-77.1205,"Arlington, VA",Lime,2021-05-17
224,38.8787,-77.1208,"Arlington, VA",Lime,2021-05-17
225,38.8874,-77.0862,"Arlington, VA",Lime,2021-05-17
226,38.8903,-77.0864,"Arlington, VA",Lime,2021-05-17
227,38.8864,-77.0868,"Arlington, VA",Lime,2021-05-17
228,38.886,-77.087,"Arlington, VA",Lime,2021-05-17
229,38.8931,-77.087,"Arlington, VA",Lime,2021-05-17
230,38.8661,-77.087,"Arlington, VA",Lime,2021-05-17
231,38.8932,-77.0871,"Arlington, VA",Lime,2021-05-17
232,38.8907,-77.0874,"Arlington, VA",Lime,2021-05-17
233,38.8749,-77.0875,"Arlington, VA",Lime,2021-05-17
234,38.8863,-77.088,"Arlington, VA",Lime,2021-05-17
235,38.887,-77.0885,"Arlington, VA",Lime,2021-05-17
236,38.8971,-77.0888,"Arlington, VA",Lime,2021-05-17
237,38.8466,-77.0897,"Arlington, VA",Lime,2021-05-17
238,38.889,-77.0902,"Arlington, VA",Lime,2021-05-17
239,38.8808,-77.0908,"Arlington, VA",Lime,2021-05-17
240,38.8885,-77.0909,"Arlington, VA",Lime,2021-05-17
241,38.8976,-77.091,"Arlington, VA",Lime,2021-05-17
242,38.9008,-77.091,"Arlington, VA",Lime,2021-05-17
243,38.8885,-77.0912,"Arlington, VA",Lime,2021-05-17
244,38.8761,-77.0923,"Arlington, VA",Lime,2021-05-17
245,38.8498,-77.0928,"Arlington, VA",Lime,2021-05-17
246,38.8873,-77.093,"Arlington, VA",Lime,2021-05-17
247,38.8946,-77.0932,"Arlington, VA",Lime,2021-05-17
248,38.8959,-77.0933,"Arlington, VA",Lime,2021-05-17
249,38.8945,-77.0933,"Arlington, VA",Lime,2021-05-17
250,38.8871,-77.0937,"Arlington, VA",Lime,2021-05-17
251,38.8899,-77.0943,"Arlington, VA",Lime,2021-05-17
252,38.8478,-77.0944,"Arlington, VA",Lime,2021-05-17
253,38.8789,-77.0948,"Arlington, VA",Lime,2021-05-17
254,38.8473,-77.0953,"Arlington, VA",Lime,2021-05-17
255,38.8876,-77.0959,"Arlington, VA",Lime,2021-05-17
256,38.8908,-77.0959,"Arlington, VA",Lime,2021-05-17
257,38.8875,-77.096,"Arlington, VA",Lime,2021-05-17
258,38.8969,-77.0967,"Arlington, VA",Lime,2021-05-17
259,38.8938,-77.0978,"Arlington, VA",Lime,2021-05-17
260,38.8839,-77.0991,"Arlington, VA",Lime,2021-05-17
261,38.8991,-77.1055,"Arlington, VA",Lime,2021-05-17
262,38.8724,-77.1058,"Arlington, VA",Lime,2021-05-17
263,38.8805,-77.1065,"Arlington, VA",Lime,2021-05-17
264,38.884,-77.1068,"Arlington, VA",Lime,2021-05-17
265,38.8783,-77.1078,"Arlington, VA",Lime,2021-05-17
266,38.8784,-77.1079,"Arlington, VA",Lime,2021-05-17
267,38.8961,-77.1079,"Arlington, VA",Lime,2021-05-17
268,38.886,-77.1122,"Arlington, VA",Lime,2021-05-17
269,38.8575,-77.1252,"Arlington, VA",Lime,2021-05-17
270,38.8832,-77.1355,"Arlington, VA",Lime,2021-05-17
271,38.8782,-77.1457,"Arlington, VA",Lime,2021-05-17
272,39.3045,-76.5376,"Baltimore, MD",Lime,2021-05-17
273,39.3519,-76.5618,"Baltimore, MD",Lime,2021-05-17
274,39.3729,-76.5619,"Baltimore, MD",Lime,2021-05-17
275,39.3529,-76.5623,"Baltimore, MD",Lime,2021-05-17
276,39.2353,-76.5055,"Baltimore, MD",Lime,2021-05-17
277,39.282,-76.5086,"Baltimore, MD",Lime,2021-05-17
278,39.26,-76.5271,"Baltimore, MD",Lime,2021-05-17
279,39.3161,-76.5445,"Baltimore, MD",Lime,2021-05-17
280,39.3161,-76.5445,"Baltimore, MD",Lime,2021-05-17
281,39.3204,-76.552,"Baltimore, MD",Lime,2021-05-17
282,39.2828,-76.5558,"Baltimore, MD",Lime,2021-05-17
283,39.2659,-76.562,"Baltimore, MD",Lime,2021-05-17
284,39.2792,-76.5639,"Baltimore, MD",Lime,2021-05-17
285,39.2792,-76.5644,"Baltimore, MD",Lime,2021-05-17
286,39.2755,-76.5652,"Baltimore, MD",Lime,2021-05-17
287,39.2864,-76.5672,"Baltimore, MD",Lime,2021-05-17
288,39.285,-76.5688,"Baltimore, MD",Lime,2021-05-17
289,39.2825,-76.5688,"Baltimore, MD",Lime,2021-05-17
290,39.2684,-76.5689,"Baltimore, MD",Lime,2021-05-17
291,39.2684,-76.5689,"Baltimore, MD",Lime,2021-05-17
292,39.2833,-76.5699,"Baltimore, MD",Lime,2021-05-17
293,39.2912,-76.5699,"Baltimore, MD",Lime,2021-05-17
294,39.2876,-76.5706,"Baltimore, MD",Lime,2021-05-17
295,39.29,-76.5719,"Baltimore, MD",Lime,2021-05-17
296,39.2967,-76.5726,"Baltimore, MD",Lime,2021-05-17
297,39.2867,-76.5731,"Baltimore, MD",Lime,2021-05-17
298,39.2844,-76.5736,"Baltimore, MD",Lime,2021-05-17
299,39.2844,-76.5737,"Baltimore, MD",Lime,2021-05-17
300,39.3214,-76.574,"Baltimore, MD",Lime,2021-05-17
301,39.2873,-76.5741,"Baltimore, MD",Lime,2021-05-17
302,39.2813,-76.5742,"Baltimore, MD",Lime,2021-05-17
303,39.2855,-76.5744,"Baltimore, MD",Lime,2021-05-17
304,39.2778,-76.5752,"Baltimore, MD",Lime,2021-05-17
305,39.2791,-76.5754,"Baltimore, MD",Lime,2021-05-17
306,39.2791,-76.5755,"Baltimore, MD",Lime,2021-05-17
307,39.2922,-76.5803,"Baltimore, MD",Lime,2021-05-17
308,39.283,-76.5819,"Baltimore, MD",Lime,2021-05-17
309,39.2825,-76.5835,"Baltimore, MD",Lime,2021-05-17
310,39.3062,-76.5852,"Baltimore, MD",Lime,2021-05-17
311,39.2693,-76.5878,"Baltimore, MD",Lime,2021-05-17
312,39.2702,-76.589,"Baltimore, MD",Lime,2021-05-17
313,39.2713,-76.5895,"Baltimore, MD",Lime,2021-05-17
314,39.2755,-76.59,"Baltimore, MD",Lime,2021-05-17
315,39.2746,-76.5905,"Baltimore, MD",Lime,2021-05-17
316,39.271,-76.5908,"Baltimore, MD",Lime,2021-05-17
317,39.2728,-76.5915,"Baltimore, MD",Lime,2021-05-17
318,39.2722,-76.5917,"Baltimore, MD",Lime,2021-05-17
319,39.2672,-76.5917,"Baltimore, MD",Lime,2021-05-17
320,39.2673,-76.5923,"Baltimore, MD",Lime,2021-05-17
321,39.2813,-76.5946,"Baltimore, MD",Lime,2021-05-17
322,39.2813,-76.5946,"Baltimore, MD",Lime,2021-05-17
323,39.2812,-76.5946,"Baltimore, MD",Lime,2021-05-17
324,39.2797,-76.5964,"Baltimore, MD",Lime,2021-05-17
325,39.2815,-76.5967,"Baltimore, MD",Lime,2021-05-17
326,39.272,-76.5978,"Baltimore, MD",Lime,2021-05-17
327,39.2792,-76.5979,"Baltimore, MD",Lime,2021-05-17
328,39.272,-76.5979,"Baltimore, MD",Lime,2021-05-17
329,39.2792,-76.5979,"Baltimore, MD",Lime,2021-05-17
330,39.2685,-76.5987,"Baltimore, MD",Lime,2021-05-17
331,39.2836,-76.6004,"Baltimore, MD",Lime,2021-05-17
332,39.3327,-76.602,"Baltimore, MD",Lime,2021-05-17
333,39.3297,-76.6028,"Baltimore, MD",Lime,2021-05-17
334,39.2777,-76.6062,"Baltimore, MD",Lime,2021-05-17
335,39.2784,-76.6071,"Baltimore, MD",Lime,2021-05-17
336,39.2784,-76.6072,"Baltimore, MD",Lime,2021-05-17
337,39.2769,-76.6079,"Baltimore, MD",Lime,2021-05-17
338,39.2762,-76.6089,"Baltimore, MD",Lime,2021-05-17
339,39.3127,-76.6097,"Baltimore, MD",Lime,2021-05-17
340,39.2808,-76.6099,"Baltimore, MD",Lime,2021-05-17
341,39.2796,-76.6099,"Baltimore, MD",Lime,2021-05-17
342,39.2796,-76.6099,"Baltimore, MD",Lime,2021-05-17
343,39.3124,-76.61,"Baltimore, MD",Lime,2021-05-17
344,39.2765,-76.6112,"Baltimore, MD",Lime,2021-05-17
345,39.2811,-76.6115,"Baltimore, MD",Lime,2021-05-17
346,39.2876,-76.612,"Baltimore, MD",Lime,2021-05-17
347,39.2794,-76.6126,"Baltimore, MD",Lime,2021-05-17
348,39.3251,-76.6128,"Baltimore, MD",Lime,2021-05-17
349,39.277,-76.613,"Baltimore, MD",Lime,2021-05-17
350,39.2758,-76.6138,"Baltimore, MD",Lime,2021-05-17
351,39.2777,-76.6145,"Baltimore, MD",Lime,2021-05-17
352,39.3133,-76.6146,"Baltimore, MD",Lime,2021-05-17
353,39.3216,-76.6156,"Baltimore, MD",Lime,2021-05-17
354,39.3159,-76.6168,"Baltimore, MD",Lime,2021-05-17
355,39.324,-76.6173,"Baltimore, MD",Lime,2021-05-17
356,39.277,-76.6173,"Baltimore, MD",Lime,2021-05-17
357,39.3193,-76.6185,"Baltimore, MD",Lime,2021-05-17
358,39.3098,-76.6186,"Baltimore, MD",Lime,2021-05-17
359,39.2769,-76.6193,"Baltimore, MD",Lime,2021-05-17
360,39.277,-76.6194,"Baltimore, MD",Lime,2021-05-17
361,39.3206,-76.62,"Baltimore, MD",Lime,2021-05-17
362,39.3073,-76.6213,"Baltimore, MD",Lime,2021-05-17
363,39.3057,-76.622,"Baltimore, MD",Lime,2021-05-17
364,39.3637,-76.5398,"Baltimore, MD",Lime,2021-05-17
365,39.3131,-76.5411,"Baltimore, MD",Lime,2021-05-17
366,39.3208,-76.5524,"Baltimore, MD",Lime,2021-05-17
367,39.3549,-76.5547,"Baltimore, MD",Lime,2021-05-17
368,39.287,-76.5577,"Baltimore, MD",Lime,2021-05-17
369,39.2873,-76.558,"Baltimore, MD",Lime,2021-05-17
370,39.2858,-76.5581,"Baltimore, MD",Lime,2021-05-17
371,39.352,-76.5619,"Baltimore, MD",Lime,2021-05-17
372,39.3529,-76.5623,"Baltimore, MD",Lime,2021-05-17
373,39.3533,-76.5627,"Baltimore, MD",Lime,2021-05-17
374,39.2853,-76.5643,"Baltimore, MD",Lime,2021-05-17
375,39.2827,-76.5648,"Baltimore, MD",Lime,2021-05-17
376,39.3467,-76.5664,"Baltimore, MD",Lime,2021-05-17
377,39.2826,-76.5672,"Baltimore, MD",Lime,2021-05-17
378,39.2825,-76.5673,"Baltimore, MD",Lime,2021-05-17
379,39.2909,-76.5678,"Baltimore, MD",Lime,2021-05-17
380,39.3181,-76.5678,"Baltimore, MD",Lime,2021-05-17
381,39.2788,-76.5688,"Baltimore, MD",Lime,2021-05-17
382,39.285,-76.5689,"Baltimore, MD",Lime,2021-05-17
383,39.2825,-76.5691,"Baltimore, MD",Lime,2021-05-17
384,39.2903,-76.5692,"Baltimore, MD",Lime,2021-05-17
385,39.283,-76.5697,"Baltimore, MD",Lime,2021-05-17
386,39.2824,-76.5708,"Baltimore, MD",Lime,2021-05-17
387,39.3249,-76.5711,"Baltimore, MD",Lime,2021-05-17
388,39.2927,-76.5716,"Baltimore, MD",Lime,2021-05-17
389,39.2875,-76.5717,"Baltimore, MD",Lime,2021-05-17
390,39.2959,-76.5723,"Baltimore, MD",Lime,2021-05-17
391,39.2932,-76.5724,"Baltimore, MD",Lime,2021-05-17
392,39.304,-76.5729,"Baltimore, MD",Lime,2021-05-17
393,39.2843,-76.5737,"Baltimore, MD",Lime,2021-05-17
394,39.2844,-76.5737,"Baltimore, MD",Lime,2021-05-17
395,39.2812,-76.574,"Baltimore, MD",Lime,2021-05-17
396,39.2813,-76.574,"Baltimore, MD",Lime,2021-05-17
397,39.3213,-76.5741,"Baltimore, MD",Lime,2021-05-17
398,39.3213,-76.5741,"Baltimore, MD",Lime,2021-05-17
399,39.2813,-76.5742,"Baltimore, MD",Lime,2021-05-17
400,39.2991,-76.5748,"Baltimore, MD",Lime,2021-05-17
401,39.3204,-76.5748,"Baltimore, MD",Lime,2021-05-17
402,39.279,-76.5754,"Baltimore, MD",Lime,2021-05-17
403,39.2966,-76.5759,"Baltimore, MD",Lime,2021-05-17
404,39.316,-76.5767,"Baltimore, MD",Lime,2021-05-17
405,39.2814,-76.5769,"Baltimore, MD",Lime,2021-05-17
406,39.2967,-76.577,"Baltimore, MD",Lime,2021-05-17
407,39.3156,-76.5771,"Baltimore, MD",Lime,2021-05-17
408,39.2932,-76.5777,"Baltimore, MD",Lime,2021-05-17
409,39.2842,-76.5778,"Baltimore, MD",Lime,2021-05-17
410,39.2823,-76.5783,"Baltimore, MD",Lime,2021-05-17
411,39.296,-76.5785,"Baltimore, MD",Lime,2021-05-17
412,39.2963,-76.5787,"Baltimore, MD",Lime,2021-05-17
413,39.2952,-76.5801,"Baltimore, MD",Lime,2021-05-17
414,39.2831,-76.5804,"Baltimore, MD",Lime,2021-05-17
415,39.2831,-76.5806,"Baltimore, MD",Lime,2021-05-17
416,39.2832,-76.5806,"Baltimore, MD",Lime,2021-05-17
417,39.3314,-76.5814,"Baltimore, MD",Lime,2021-05-17
418,39.2841,-76.5815,"Baltimore, MD",Lime,2021-05-17
419,39.2981,-76.5815,"Baltimore, MD",Lime,2021-05-17
420,39.294,-76.5819,"Baltimore, MD",Lime,2021-05-17
421,39.2829,-76.582,"Baltimore, MD",Lime,2021-05-17
422,39.3547,-76.5823,"Baltimore, MD",Lime,2021-05-17
423,39.2957,-76.5837,"Baltimore, MD",Lime,2021-05-17
424,39.3129,-76.5857,"Baltimore, MD",Lime,2021-05-17
425,39.3097,-76.5892,"Baltimore, MD",Lime,2021-05-17
426,39.3247,-76.5894,"Baltimore, MD",Lime,2021-05-17
427,39.3248,-76.5908,"Baltimore, MD",Lime,2021-05-17
428,39.2818,-76.5908,"Baltimore, MD",Lime,2021-05-17
429,39.2818,-76.5909,"Baltimore, MD",Lime,2021-05-17
430,39.3108,-76.5919,"Baltimore, MD",Lime,2021-05-17
431,39.2819,-76.5921,"Baltimore, MD",Lime,2021-05-17
432,39.282,-76.5922,"Baltimore, MD",Lime,2021-05-17
433,39.3079,-76.5926,"Baltimore, MD",Lime,2021-05-17
434,39.2811,-76.5945,"Baltimore, MD",Lime,2021-05-17
435,39.2812,-76.5946,"Baltimore, MD",Lime,2021-05-17
436,39.2811,-76.5949,"Baltimore, MD",Lime,2021-05-17
437,39.3232,-76.5951,"Baltimore, MD",Lime,2021-05-17
438,39.2798,-76.5964,"Baltimore, MD",Lime,2021-05-17
439,39.2797,-76.5965,"Baltimore, MD",Lime,2021-05-17
440,39.2797,-76.5965,"Baltimore, MD",Lime,2021-05-17
441,39.3207,-76.5967,"Baltimore, MD",Lime,2021-05-17
442,39.3118,-76.5989,"Baltimore, MD",Lime,2021-05-17
443,39.3119,-76.5989,"Baltimore, MD",Lime,2021-05-17
444,39.3265,-76.5991,"Baltimore, MD",Lime,2021-05-17
445,39.3116,-76.5996,"Baltimore, MD",Lime,2021-05-17
446,39.3134,-76.6001,"Baltimore, MD",Lime,2021-05-17
447,39.311,-76.6007,"Baltimore, MD",Lime,2021-05-17
448,39.318,-76.6026,"Baltimore, MD",Lime,2021-05-17
449,39.3292,-76.6038,"Baltimore, MD",Lime,2021-05-17
450,39.3259,-76.6047,"Baltimore, MD",Lime,2021-05-17
451,39.322,-76.6058,"Baltimore, MD",Lime,2021-05-17
452,39.2776,-76.6058,"Baltimore, MD",Lime,2021-05-17
453,39.2776,-76.6062,"Baltimore, MD",Lime,2021-05-17
454,39.2808,-76.6068,"Baltimore, MD",Lime,2021-05-17
455,39.2783,-76.6071,"Baltimore, MD",Lime,2021-05-17
456,39.2784,-76.6071,"Baltimore, MD",Lime,2021-05-17
457,39.3307,-76.6072,"Baltimore, MD",Lime,2021-05-17
458,39.3231,-76.6072,"Baltimore, MD",Lime,2021-05-17
459,39.2811,-76.6076,"Baltimore, MD",Lime,2021-05-17
460,39.2811,-76.6076,"Baltimore, MD",Lime,2021-05-17
461,39.3271,-76.6084,"Baltimore, MD",Lime,2021-05-17
462,39.3167,-76.6094,"Baltimore, MD",Lime,2021-05-17
463,39.2796,-76.6099,"Baltimore, MD",Lime,2021-05-17
464,39.2796,-76.6099,"Baltimore, MD",Lime,2021-05-17
465,39.3085,-76.6099,"Baltimore, MD",Lime,2021-05-17
466,39.2805,-76.6099,"Baltimore, MD",Lime,2021-05-17
467,39.3283,-76.61,"Baltimore, MD",Lime,2021-05-17
468,39.3283,-76.6101,"Baltimore, MD",Lime,2021-05-17
469,39.2806,-76.6101,"Baltimore, MD",Lime,2021-05-17
470,39.3284,-76.6101,"Baltimore, MD",Lime,2021-05-17
471,39.3173,-76.6105,"Baltimore, MD",Lime,2021-05-17
472,39.3114,-76.6116,"Baltimore, MD",Lime,2021-05-17
473,39.3252,-76.6126,"Baltimore, MD",Lime,2021-05-17
474,39.2812,-76.6134,"Baltimore, MD",Lime,2021-05-17
475,39.3285,-76.6135,"Baltimore, MD",Lime,2021-05-17
476,39.2787,-76.6146,"Baltimore, MD",Lime,2021-05-17
477,39.2788,-76.6174,"Baltimore, MD",Lime,2021-05-17
478,39.2776,-76.6176,"Baltimore, MD",Lime,2021-05-17
479,39.3362,-76.618,"Baltimore, MD",Lime,2021-05-17
480,39.3746,-76.619,"Baltimore, MD",Lime,2021-05-17
481,39.3107,-76.6193,"Baltimore, MD",Lime,2021-05-17
482,39.3203,-76.6205,"Baltimore, MD",Lime,2021-05-17
483,39.3204,-76.6206,"Baltimore, MD",Lime,2021-05-17
484,39.3204,-76.6206,"Baltimore, MD",Lime,2021-05-17
485,39.3204,-76.6208,"Baltimore, MD",Lime,2021-05-17
486,39.3212,-76.6215,"Baltimore, MD",Lime,2021-05-17
487,39.3361,-76.6222,"Baltimore, MD",Lime,2021-05-17
488,39.3212,-76.6232,"Baltimore, MD",Lime,2021-05-17
489,39.2804,-76.6233,"Baltimore, MD",Lime,2021-05-17
490,39.2818,-76.6234,"Baltimore, MD",Lime,2021-05-17
491,39.2868,-76.5843,"Baltimore, MD",Lime,2021-05-17
492,39.2924,-76.5847,"Baltimore, MD",Lime,2021-05-17
493,39.3055,-76.5851,"Baltimore, MD",Lime,2021-05-17
494,39.2867,-76.5851,"Baltimore, MD",Lime,2021-05-17
495,39.287,-76.5852,"Baltimore, MD",Lime,2021-05-17
496,39.2884,-76.5859,"Baltimore, MD",Lime,2021-05-17
497,39.2858,-76.5873,"Baltimore, MD",Lime,2021-05-17
498,39.2914,-76.5873,"Baltimore, MD",Lime,2021-05-17
499,39.295,-76.5891,"Baltimore, MD",Lime,2021-05-17
500,39.2951,-76.5905,"Baltimore, MD",Lime,2021-05-17
501,39.2977,-76.5917,"Baltimore, MD",Lime,2021-05-17
502,39.2884,-76.5925,"Baltimore, MD",Lime,2021-05-17
503,39.2889,-76.5927,"Baltimore, MD",Lime,2021-05-17
504,39.2986,-76.5938,"Baltimore, MD",Lime,2021-05-17
505,39.2983,-76.5938,"Baltimore, MD",Lime,2021-05-17
506,39.298,-76.5945,"Baltimore, MD",Lime,2021-05-17
507,39.3017,-76.5946,"Baltimore, MD",Lime,2021-05-17
508,39.2844,-76.5984,"Baltimore, MD",Lime,2021-05-17
509,39.2836,-76.5989,"Baltimore, MD",Lime,2021-05-17
510,39.2925,-76.5995,"Baltimore, MD",Lime,2021-05-17
511,39.2821,-76.6005,"Baltimore, MD",Lime,2021-05-17
512,39.2928,-76.6009,"Baltimore, MD",Lime,2021-05-17
513,39.2854,-76.6012,"Baltimore, MD",Lime,2021-05-17
514,39.2853,-76.6012,"Baltimore, MD",Lime,2021-05-17
515,39.3053,-76.6014,"Baltimore, MD",Lime,2021-05-17
516,39.2853,-76.6016,"Baltimore, MD",Lime,2021-05-17
517,39.2828,-76.6019,"Baltimore, MD",Lime,2021-05-17
518,39.2839,-76.602,"Baltimore, MD",Lime,2021-05-17
519,39.2843,-76.6021,"Baltimore, MD",Lime,2021-05-17
520,39.283,-76.6022,"Baltimore, MD",Lime,2021-05-17
521,39.2867,-76.6024,"Baltimore, MD",Lime,2021-05-17
522,39.3001,-76.6027,"Baltimore, MD",Lime,2021-05-17
523,39.3009,-76.6037,"Baltimore, MD",Lime,2021-05-17
524,39.296,-76.6041,"Baltimore, MD",Lime,2021-05-17
525,39.285,-76.6056,"Baltimore, MD",Lime,2021-05-17
526,39.2895,-76.6069,"Baltimore, MD",Lime,2021-05-17
527,39.2871,-76.607,"Baltimore, MD",Lime,2021-05-17
528,39.2882,-76.607,"Baltimore, MD",Lime,2021-05-17
529,39.2936,-76.6076,"Baltimore, MD",Lime,2021-05-17
530,39.2908,-76.6091,"Baltimore, MD",Lime,2021-05-17
531,39.2897,-76.6093,"Baltimore, MD",Lime,2021-05-17
532,39.2865,-76.6094,"Baltimore, MD",Lime,2021-05-17
533,39.2884,-76.6094,"Baltimore, MD",Lime,2021-05-17
534,39.2884,-76.6094,"Baltimore, MD",Lime,2021-05-17
535,39.2888,-76.6095,"Baltimore, MD",Lime,2021-05-17
536,39.2884,-76.6095,"Baltimore, MD",Lime,2021-05-17
537,39.2895,-76.6097,"Baltimore, MD",Lime,2021-05-17
538,39.2866,-76.6098,"Baltimore, MD",Lime,2021-05-17
539,39.291,-76.61,"Baltimore, MD",Lime,2021-05-17
540,39.3038,-76.6103,"Baltimore, MD",Lime,2021-05-17
541,39.2893,-76.6109,"Baltimore, MD",Lime,2021-05-17
542,39.2889,-76.611,"Baltimore, MD",Lime,2021-05-17
543,39.2893,-76.611,"Baltimore, MD",Lime,2021-05-17
544,39.2889,-76.611,"Baltimore, MD",Lime,2021-05-17
545,39.2887,-76.6111,"Baltimore, MD",Lime,2021-05-17
546,39.2903,-76.6112,"Baltimore, MD",Lime,2021-05-17
547,39.2917,-76.6116,"Baltimore, MD",Lime,2021-05-17
548,39.2862,-76.6118,"Baltimore, MD",Lime,2021-05-17
549,39.2864,-76.6118,"Baltimore, MD",Lime,2021-05-17
550,39.2907,-76.6119,"Baltimore, MD",Lime,2021-05-17
551,39.2864,-76.6119,"Baltimore, MD",Lime,2021-05-17
552,39.2864,-76.612,"Baltimore, MD",Lime,2021-05-17
553,39.2853,-76.612,"Baltimore, MD",Lime,2021-05-17
554,39.2862,-76.612,"Baltimore, MD",Lime,2021-05-17
555,39.2865,-76.6121,"Baltimore, MD",Lime,2021-05-17
556,39.2866,-76.6121,"Baltimore, MD",Lime,2021-05-17
557,39.2864,-76.6121,"Baltimore, MD",Lime,2021-05-17
558,39.2866,-76.6121,"Baltimore, MD",Lime,2021-05-17
559,39.2865,-76.6123,"Baltimore, MD",Lime,2021-05-17
560,39.2899,-76.6124,"Baltimore, MD",Lime,2021-05-17
561,39.2954,-76.6124,"Baltimore, MD",Lime,2021-05-17
562,39.2866,-76.6125,"Baltimore, MD",Lime,2021-05-17
563,39.2919,-76.6125,"Baltimore, MD",Lime,2021-05-17
564,39.2902,-76.6126,"Baltimore, MD",Lime,2021-05-17
565,39.2837,-76.6126,"Baltimore, MD",Lime,2021-05-17
566,39.2836,-76.6126,"Baltimore, MD",Lime,2021-05-17
567,39.2893,-76.6126,"Baltimore, MD",Lime,2021-05-17
568,39.2924,-76.6126,"Baltimore, MD",Lime,2021-05-17
569,39.2877,-76.6127,"Baltimore, MD",Lime,2021-05-17
570,39.2842,-76.6128,"Baltimore, MD",Lime,2021-05-17
571,39.2843,-76.6129,"Baltimore, MD",Lime,2021-05-17
572,39.2887,-76.6129,"Baltimore, MD",Lime,2021-05-17
573,39.2841,-76.613,"Baltimore, MD",Lime,2021-05-17
574,39.2951,-76.613,"Baltimore, MD",Lime,2021-05-17
575,39.29,-76.6132,"Baltimore, MD",Lime,2021-05-17
576,39.2924,-76.6133,"Baltimore, MD",Lime,2021-05-17
577,39.2943,-76.6137,"Baltimore, MD",Lime,2021-05-17
578,39.2912,-76.6137,"Baltimore, MD",Lime,2021-05-17
579,39.2864,-76.6137,"Baltimore, MD",Lime,2021-05-17
580,39.2821,-76.614,"Baltimore, MD",Lime,2021-05-17
581,39.2824,-76.6141,"Baltimore, MD",Lime,2021-05-17
582,39.2904,-76.6141,"Baltimore, MD",Lime,2021-05-17
583,39.2943,-76.6141,"Baltimore, MD",Lime,2021-05-17
584,39.2824,-76.6141,"Baltimore, MD",Lime,2021-05-17
585,39.2823,-76.6146,"Baltimore, MD",Lime,2021-05-17
586,39.2909,-76.6146,"Baltimore, MD",Lime,2021-05-17
587,39.2908,-76.6147,"Baltimore, MD",Lime,2021-05-17
588,39.2823,-76.6147,"Baltimore, MD",Lime,2021-05-17
589,39.2857,-76.6148,"Baltimore, MD",Lime,2021-05-17
590,39.2857,-76.6148,"Baltimore, MD",Lime,2021-05-17
591,39.2895,-76.6149,"Baltimore, MD",Lime,2021-05-17
592,39.2824,-76.6149,"Baltimore, MD",Lime,2021-05-17
593,39.2907,-76.6151,"Baltimore, MD",Lime,2021-05-17
594,39.2867,-76.6152,"Baltimore, MD",Lime,2021-05-17
595,39.2854,-76.6153,"Baltimore, MD",Lime,2021-05-17
596,39.2858,-76.6153,"Baltimore, MD",Lime,2021-05-17
597,39.2911,-76.6154,"Baltimore, MD",Lime,2021-05-17
598,39.2929,-76.6154,"Baltimore, MD",Lime,2021-05-17
599,39.2869,-76.6159,"Baltimore, MD",Lime,2021-05-17
600,39.291,-76.6161,"Baltimore, MD",Lime,2021-05-17
601,39.2868,-76.6165,"Baltimore, MD",Lime,2021-05-17
602,39.2858,-76.6168,"Baltimore, MD",Lime,2021-05-17
603,39.291,-76.6168,"Baltimore, MD",Lime,2021-05-17
604,39.2949,-76.617,"Baltimore, MD",Lime,2021-05-17
605,39.2922,-76.617,"Baltimore, MD",Lime,2021-05-17
606,39.2921,-76.6171,"Baltimore, MD",Lime,2021-05-17
607,39.2838,-76.6178,"Baltimore, MD",Lime,2021-05-17
608,39.2911,-76.6183,"Baltimore, MD",Lime,2021-05-17
609,39.2952,-76.6185,"Baltimore, MD",Lime,2021-05-17
610,39.3027,-76.6186,"Baltimore, MD",Lime,2021-05-17
611,39.2908,-76.619,"Baltimore, MD",Lime,2021-05-17
612,39.2898,-76.6197,"Baltimore, MD",Lime,2021-05-17
613,39.2891,-76.6197,"Baltimore, MD",Lime,2021-05-17
614,39.2853,-76.6207,"Baltimore, MD",Lime,2021-05-17
615,39.2878,-76.6209,"Baltimore, MD",Lime,2021-05-17
616,39.2866,-76.6209,"Baltimore, MD",Lime,2021-05-17
617,39.2857,-76.621,"Baltimore, MD",Lime,2021-05-17
618,39.293,-76.6212,"Baltimore, MD",Lime,2021-05-17
619,39.2929,-76.6212,"Baltimore, MD",Lime,2021-05-17
620,39.2875,-76.6221,"Baltimore, MD",Lime,2021-05-17
621,39.2904,-76.6223,"Baltimore, MD",Lime,2021-05-17
622,39.2936,-76.6225,"Baltimore, MD",Lime,2021-05-17
623,39.3041,-76.6233,"Baltimore, MD",Lime,2021-05-17
624,39.2876,-76.6236,"Baltimore, MD",Lime,2021-05-17
625,39.2891,-76.6238,"Baltimore, MD",Lime,2021-05-17
626,39.2833,-76.6247,"Baltimore, MD",Lime,2021-05-17
627,39.2835,-76.6249,"Baltimore, MD",Lime,2021-05-17
628,39.2843,-76.6298,"Baltimore, MD",Lime,2021-05-17
629,39.3315,-76.6313,"Baltimore, MD",Lime,2021-05-17
630,39.3327,-76.6329,"Baltimore, MD",Lime,2021-05-17
631,39.331,-76.6343,"Baltimore, MD",Lime,2021-05-17
632,39.2796,-76.6409,"Baltimore, MD",Lime,2021-05-17
633,39.3792,-76.6418,"Baltimore, MD",Lime,2021-05-17
634,39.3791,-76.6419,"Baltimore, MD",Lime,2021-05-17
635,39.321,-76.6449,"Baltimore, MD",Lime,2021-05-17
636,39.3004,-76.6252,"Baltimore, MD",Lime,2021-05-17
637,39.2778,-76.6252,"Baltimore, MD",Lime,2021-05-17
638,39.2891,-76.6254,"Baltimore, MD",Lime,2021-05-17
639,39.3072,-76.6256,"Baltimore, MD",Lime,2021-05-17
640,39.2861,-76.6256,"Baltimore, MD",Lime,2021-05-17
641,39.2819,-76.6272,"Baltimore, MD",Lime,2021-05-17
642,39.2781,-76.6281,"Baltimore, MD",Lime,2021-05-17
643,39.3079,-76.6281,"Baltimore, MD",Lime,2021-05-17
644,39.283,-76.6282,"Baltimore, MD",Lime,2021-05-17
645,39.29,-76.6285,"Baltimore, MD",Lime,2021-05-17
646,39.2885,-76.6286,"Baltimore, MD",Lime,2021-05-17
647,39.3364,-76.6295,"Baltimore, MD",Lime,2021-05-17
648,39.2842,-76.6297,"Baltimore, MD",Lime,2021-05-17
649,39.2843,-76.6297,"Baltimore, MD",Lime,2021-05-17
650,39.2842,-76.6297,"Baltimore, MD",Lime,2021-05-17
651,39.2842,-76.6297,"Baltimore, MD",Lime,2021-05-17
652,39.2841,-76.6297,"Baltimore, MD",Lime,2021-05-17
653,39.2882,-76.63,"Baltimore, MD",Lime,2021-05-17
654,39.2902,-76.6302,"Baltimore, MD",Lime,2021-05-17
655,39.2842,-76.6303,"Baltimore, MD",Lime,2021-05-17
656,39.2843,-76.6303,"Baltimore, MD",Lime,2021-05-17
657,39.2843,-76.6303,"Baltimore, MD",Lime,2021-05-17
658,39.2843,-76.6303,"Baltimore, MD",Lime,2021-05-17
659,39.3351,-76.6303,"Baltimore, MD",Lime,2021-05-17
660,39.2842,-76.6303,"Baltimore, MD",Lime,2021-05-17
661,39.2843,-76.6304,"Baltimore, MD",Lime,2021-05-17
662,39.3351,-76.6304,"Baltimore, MD",Lime,2021-05-17
663,39.2843,-76.6304,"Baltimore, MD",Lime,2021-05-17
664,39.2843,-76.6304,"Baltimore, MD",Lime,2021-05-17
665,39.2829,-76.6305,"Baltimore, MD",Lime,2021-05-17
666,39.3314,-76.6313,"Baltimore, MD",Lime,2021-05-17
667,39.3315,-76.6313,"Baltimore, MD",Lime,2021-05-17
668,39.3315,-76.6313,"Baltimore, MD",Lime,2021-05-17
669,39.3314,-76.6313,"Baltimore, MD",Lime,2021-05-17
670,39.2916,-76.6315,"Baltimore, MD",Lime,2021-05-17
671,39.283,-76.6315,"Baltimore, MD",Lime,2021-05-17
672,39.2915,-76.6322,"Baltimore, MD",Lime,2021-05-17
673,39.3311,-76.6323,"Baltimore, MD",Lime,2021-05-17
674,39.3311,-76.6323,"Baltimore, MD",Lime,2021-05-17
675,39.283,-76.6334,"Baltimore, MD",Lime,2021-05-17
676,39.3197,-76.6335,"Baltimore, MD",Lime,2021-05-17
677,39.331,-76.6343,"Baltimore, MD",Lime,2021-05-17
678,39.331,-76.6343,"Baltimore, MD",Lime,2021-05-17
679,39.3311,-76.6344,"Baltimore, MD",Lime,2021-05-17
680,39.2823,-76.635,"Baltimore, MD",Lime,2021-05-17
681,39.3142,-76.635,"Baltimore, MD",Lime,2021-05-17
682,39.2931,-76.6354,"Baltimore, MD",Lime,2021-05-17
683,39.346,-76.6358,"Baltimore, MD",Lime,2021-05-17
684,39.2887,-76.6384,"Baltimore, MD",Lime,2021-05-17
685,39.3327,-76.6386,"Baltimore, MD",Lime,2021-05-17
686,39.3362,-76.6389,"Baltimore, MD",Lime,2021-05-17
687,39.342,-76.6392,"Baltimore, MD",Lime,2021-05-17
688,39.2758,-76.6398,"Baltimore, MD",Lime,2021-05-17
689,39.2821,-76.6406,"Baltimore, MD",Lime,2021-05-17
690,39.3323,-76.6408,"Baltimore, MD",Lime,2021-05-17
691,39.3033,-76.6413,"Baltimore, MD",Lime,2021-05-17
692,39.3356,-76.6429,"Baltimore, MD",Lime,2021-05-17
693,39.3105,-76.6429,"Baltimore, MD",Lime,2021-05-17
694,39.3105,-76.6429,"Baltimore, MD",Lime,2021-05-17
695,39.3105,-76.6429,"Baltimore, MD",Lime,2021-05-17
696,39.3104,-76.643,"Baltimore, MD",Lime,2021-05-17
697,39.3416,-76.6434,"Baltimore, MD",Lime,2021-05-17
698,39.3441,-76.644,"Baltimore, MD",Lime,2021-05-17
699,39.2843,-76.6444,"Baltimore, MD",Lime,2021-05-17
700,39.3331,-76.647,"Baltimore, MD",Lime,2021-05-17
701,39.3443,-76.6479,"Baltimore, MD",Lime,2021-05-17
702,39.2843,-76.6485,"Baltimore, MD",Lime,2021-05-17
703,39.2842,-76.6486,"Baltimore, MD",Lime,2021-05-17
704,39.3728,-76.6495,"Baltimore, MD",Lime,2021-05-17
705,39.3728,-76.6495,"Baltimore, MD",Lime,2021-05-17
706,39.2938,-76.6505,"Baltimore, MD",Lime,2021-05-17
707,39.2926,-76.6518,"Baltimore, MD",Lime,2021-05-17
708,39.2934,-76.652,"Baltimore, MD",Lime,2021-05-17
709,39.2933,-76.652,"Baltimore, MD",Lime,2021-05-17
710,39.2934,-76.652,"Baltimore, MD",Lime,2021-05-17
711,39.2934,-76.652,"Baltimore, MD",Lime,2021-05-17
712,39.2933,-76.6521,"Baltimore, MD",Lime,2021-05-17
713,39.2969,-76.6544,"Baltimore, MD",Lime,2021-05-17
714,39.3141,-76.6544,"Baltimore, MD",Lime,2021-05-17
715,39.3406,-76.6583,"Baltimore, MD",Lime,2021-05-17
716,39.3407,-76.6584,"Baltimore, MD",Lime,2021-05-17
717,39.3307,-76.6605,"Baltimore, MD",Lime,2021-05-17
718,39.3434,-76.6624,"Baltimore, MD",Lime,2021-05-17
719,39.3336,-76.6647,"Baltimore, MD",Lime,2021-05-17
720,39.3326,-76.667,"Baltimore, MD",Lime,2021-05-17
721,39.3344,-76.6725,"Baltimore, MD",Lime,2021-05-17
722,39.369,-76.6727,"Baltimore, MD",Lime,2021-05-17
723,39.306,-76.6728,"Baltimore, MD",Lime,2021-05-17
724,39.3366,-76.6732,"Baltimore, MD",Lime,2021-05-17
725,39.3363,-76.6732,"Baltimore, MD",Lime,2021-05-17
726,39.3367,-76.6734,"Baltimore, MD",Lime,2021-05-17
727,39.3158,-76.6746,"Baltimore, MD",Lime,2021-05-17
728,39.3332,-76.6753,"Baltimore, MD",Lime,2021-05-17
729,39.3232,-76.682,"Baltimore, MD",Lime,2021-05-17
730,39.269,-76.6001,"Baltimore, MD",Lime,2021-05-17
731,39.2724,-76.6012,"Baltimore, MD",Lime,2021-05-17
732,39.2743,-76.6012,"Baltimore, MD",Lime,2021-05-17
733,39.2749,-76.6022,"Baltimore, MD",Lime,2021-05-17
734,39.2396,-76.6029,"Baltimore, MD",Lime,2021-05-17
735,39.2709,-76.6031,"Baltimore, MD",Lime,2021-05-17
736,39.2745,-76.6038,"Baltimore, MD",Lime,2021-05-17
737,39.2306,-76.6052,"Baltimore, MD",Lime,2021-05-17
738,39.2233,-76.6057,"Baltimore, MD",Lime,2021-05-17
739,39.2728,-76.6082,"Baltimore, MD",Lime,2021-05-17
740,39.2728,-76.6083,"Baltimore, MD",Lime,2021-05-17
741,39.2695,-76.6085,"Baltimore, MD",Lime,2021-05-17
742,39.2739,-76.6085,"Baltimore, MD",Lime,2021-05-17
743,39.2739,-76.6085,"Baltimore, MD",Lime,2021-05-17
744,39.2729,-76.61,"Baltimore, MD",Lime,2021-05-17
745,39.2727,-76.6101,"Baltimore, MD",Lime,2021-05-17
746,39.2685,-76.6107,"Baltimore, MD",Lime,2021-05-17
747,39.2719,-76.6107,"Baltimore, MD",Lime,2021-05-17
748,39.2696,-76.6107,"Baltimore, MD",Lime,2021-05-17
749,39.272,-76.6108,"Baltimore, MD",Lime,2021-05-17
750,39.2733,-76.6109,"Baltimore, MD",Lime,2021-05-17
751,39.2733,-76.6109,"Baltimore, MD",Lime,2021-05-17
752,39.2349,-76.611,"Baltimore, MD",Lime,2021-05-17
753,39.2742,-76.6123,"Baltimore, MD",Lime,2021-05-17
754,39.2695,-76.6123,"Baltimore, MD",Lime,2021-05-17
755,39.2744,-76.6124,"Baltimore, MD",Lime,2021-05-17
756,39.2506,-76.6124,"Baltimore, MD",Lime,2021-05-17
757,39.274,-76.6134,"Baltimore, MD",Lime,2021-05-17
758,39.2609,-76.6145,"Baltimore, MD",Lime,2021-05-17
759,39.2649,-76.615,"Baltimore, MD",Lime,2021-05-17
760,39.2708,-76.6152,"Baltimore, MD",Lime,2021-05-17
761,39.263,-76.6153,"Baltimore, MD",Lime,2021-05-17
762,39.2748,-76.6156,"Baltimore, MD",Lime,2021-05-17
763,39.2712,-76.6166,"Baltimore, MD",Lime,2021-05-17
764,39.2537,-76.623,"Baltimore, MD",Lime,2021-05-17
765,39.2424,-76.6247,"Baltimore, MD",Lime,2021-05-17
766,39.2479,-76.629,"Baltimore, MD",Lime,2021-05-17
767,39.2569,-76.6341,"Baltimore, MD",Lime,2021-05-17
768,39.2558,-76.6343,"Baltimore, MD",Lime,2021-05-17
769,39.2548,-76.6343,"Baltimore, MD",Lime,2021-05-17
770,39.2558,-76.6343,"Baltimore, MD",Lime,2021-05-17
771,39.2643,-76.6359,"Baltimore, MD",Lime,2021-05-17
772,39.2754,-76.64,"Baltimore, MD",Lime,2021-05-17
773,39.2753,-76.6417,"Baltimore, MD",Lime,2021-05-17
774,39.2604,-76.6452,"Baltimore, MD",Lime,2021-05-17
775,39.2675,-76.6511,"Baltimore, MD",Lime,2021-05-17
776,39.2687,-76.6525,"Baltimore, MD",Lime,2021-05-17
777,39.0387,-76.6739,"Baltimore, MD",Lime,2021-05-17
778,39.328,-76.6825,"Baltimore, MD",Lime,2021-05-17
779,39.3529,-76.685,"Baltimore, MD",Lime,2021-05-17
780,39.3019,-76.6858,"Baltimore, MD",Lime,2021-05-17
781,39.3502,-76.6861,"Baltimore, MD",Lime,2021-05-17
782,39.3711,-76.6874,"Baltimore, MD",Lime,2021-05-17
783,39.3616,-76.6877,"Baltimore, MD",Lime,2021-05-17
784,39.3529,-76.6881,"Baltimore, MD",Lime,2021-05-17
785,39.3621,-76.689,"Baltimore, MD",Lime,2021-05-17
786,39.3487,-76.69,"Baltimore, MD",Lime,2021-05-17
787,39.3538,-76.69,"Baltimore, MD",Lime,2021-05-17
788,39.3452,-76.6932,"Baltimore, MD",Lime,2021-05-17
789,39.3366,-76.6933,"Baltimore, MD",Lime,2021-05-17
790,39.3408,-76.6944,"Baltimore, MD",Lime,2021-05-17
791,39.3439,-76.6948,"Baltimore, MD",Lime,2021-05-17
792,39.3612,-76.6972,"Baltimore, MD",Lime,2021-05-17
793,39.3408,-76.6983,"Baltimore, MD",Lime,2021-05-17
794,39.354,-76.6988,"Baltimore, MD",Lime,2021-05-17
795,39.3644,-76.702,"Baltimore, MD",Lime,2021-05-17
796,39.3478,-76.7044,"Baltimore, MD",Lime,2021-05-17
797,39.3296,-76.7079,"Baltimore, MD",Lime,2021-05-17
798,39.3502,-76.7194,"Baltimore, MD",Lime,2021-05-17
799,39.4394,-76.7937,"Baltimore, MD",Lime,2021-05-17
